sentence,y_pred
"В его библиотеке имелась вышедшая позд- нее книга М. И. Грпневпча «О тлетворном влиянпп евреев на экономический быт России и о системе еврейской эксплоатацип» (СПб., 1876) (Библиотека, стр. 159;",neutral
"ХХ1Х 2, 165, 348 Мамонтова-Мельчакова, жительница Семипалатинска — X X V I I I ^ 473 Манасеин В. А. — X X X , , 318 Манго, педагог — IX, 130 , 521—522 Мандельштам Л. И. — «В защиту евреев» — X X V , 388 Мандерштерн, барон, родственник А. Е. Врангеля — X X V I I I l t 514 Мане Э. — «Испуганная нимфа» — X I X , 157, 323—324 «Манифест тайного братства „Черный передел""» (прокламация) — X X V I I , 310 Манн Т. - VII, 362;",negative
Но всё же это пока ничего не изменяет; зато верхушка евреев воцаряется над чело- вечеством всё сильнее и тверже и стремится дать миру свой об- лик и свою суть.,neutral
"— Биконсфильд (Дизраэли) Бенджамен (1804— 1881), с 1876 г. лорд — английский политический деятель, сторонник партии тори (аристократов-землевладельцев), романист, потомок испанских евреев, бежавших в Англию от инквизиции.",neutral
"Там было несколько евреев — и никто не презирал их, никто не исключал их, не гнал их.",neutral
"Там было несколько евреев — и никто не презирал их, никто не исключал их, не гнал их.",neutral
"Но в Статейных списках сказано, что Исай Бумштель, мещанин из евреев, 283",neutral
"Но ведь, конечно, все эти негры и литовцы еще беднее евреев, выжимающих из них соки, а ведь те (про- чтите-ка корреспонденцию) гнушаются такой торговлей, на кото- рую так падок еврей; во-вторых, не трудно быть гуманным и4 нравственным, когда самому жирно и весело, а чуть «борьба за существование», так и не подходи ко мне близко.",neutral
"Но восемьдесят миллионов (те- перь считают уже девяносто или за девяносто) составляют цифру населения русской империи, а вовсе не русского народа, владеющего идеалами; в вось- мидесяти или девяноста миллионах заключено, кроме русской, множество иных народностей, кроме православных — миллионы католиков, протестан- тов, евреев, магометан, сотни тысяч язычников.",neutral
"Далее следовал отмеченный писателем текст: «. . .люблю евреев не как свой народ, не как еврейская патриотка, а как того из двух противников, который значительно слабее, а следовательно, и значительно правее и несчастнее.",neutral
"Еще в детстве моем я читал и слыхал про евреев легенду о том, что они-де и теперь неуклонно ждут мессию, все, как самый низший жид, так и самый высший и ученый из них, философ и кабалист-раввин, что они верят все, что мессия соберет их опять и Иерусалиме и низложит все народы мечом своим к их подножию; что по- тому-то-де евреи, по крайней мере в огромном большинстве 4о своем, предпочитают лишь одну профессию — торг золотом и много что обработку его, и это всё будто бы для того, что когда явится мессия, то чтоб не иметь нового отечества, не быть при- крепленным к земле иноземцев, обладая ею, а иметь всё с собою лишь в золоте и драгоценностях, чтоб удобнее их унести, когда Загорит, заблестит луч денницы: 10 И кимвал, п тимпан, и цевницы, И сребро, и добро, и святыню Понесем в старый дом, в Палестину.",negative
"В статье «Сла­ вянофилы, черногорцы и западники» он иронизировал над передовой И. Акса­ кова ог 16 февраля 1862 г., в которой редактор «Дня» требовал ограничения прав евреев; в «Двух лагерях теоретиков» (1862) Достоевский называет «не­ изгладимым пятном на редакции» и другую передовую Аксакова «Москва 2S-IO октября», призывавшую молодое поколение учиться, а не бунтовать, гак как студенты пе имеют «полных прав гражданских, а следовательно, и голоса в делах общественных» (Д, 1862, № 3, стр. 2).",neutral
"X X V I I I , , 167, 169, 174, 453, 450, 485 Яхонтов A. H. — XVIII, 330 Яхонтов В. H. — I X , 425 Яшвиль, петрашевец — XVIII, 170, 350 A. L. — VНачало реакции против евреев в Ковенской губернии» — X X V , 388 «Agence Russe» (газ.)",neutral
— Имеется в впду производство юнкеров-евреев в офицеры.,neutral
"X X I X , , 302 Хвольсон Д. В. — «О некоторых средневековых обвинениях против евреев» — XXV, 388 Хвостов Д. И. — X X , 227, 477-474;",neutral
"Стр. 76.* ю-20 которых я со напечатать / которые я пропускаю, кроме Гольдшгейна 2 0 некоторым из них / некоторые пз них о 2 1 - 2 2 неприятно будет со происходят пз евреев / не согласятся увидеть себя евреями * 4 8 не осталось ни одного / нет непроплеванного места/ «непроплеванного» места о тем «простительнее» / уж и простительнее Стр. 77.",neutral
"Этот, город М. — это большой губернский город в западном крае, и в этом городе 30 множество евреев, есть немцы, русские конечно, поляки, ли- товцы, — и все-то, все эти народности признали праведного ста- ричка каждая за своего.",neutral
"Засмеются и скажут, что это там вовсе не от евреев.",neutral
"Но все-таки не могу вполне поверить кри- 30 кам евреев, что уж так они забиты, замучены и принижены.",neutral
"83 После: три миллиона евреев — начато: это такого я стал / я начал 40 После: продал». — начато: Всего удивительнее для 4 1 из таких / пз тех 43-44 Пр И СВоем образовании, давно уже вписано.",negative
"со статьями, осуждавшими «Иллюстрацию» и поднимавшими вопрос о гражданских правах для евреев, выступили М. И. Горвиц («Атепей», 1858, № 42) и И. А. Чацкин (PB, 1858, № 9).",neutral
"92) ...был бы пан бог да гроши — поговорка, распространенная среди поль- ских евреев и западных белоруссов (см.: Federowski, № 3103).",neutral
"В Коране Авраам считается общим родо- начальником евреев и арабов, одним из предшественников Мухаммеда, основателя мусульманской религии — ислама (VII в.)",neutral
С тех пор это имя сделалось зна- менем национальной религии евреев.,neutral
"Достоев- ский отмечает также проявления еврейского национализма (стремление к национальной обособленности и замкнутости, идея национальной исклю- чительности евреев и их высокомерное отношение к другим религиям и народностям).",neutral
— Священнослужители низшего духовного сана у древних евреев.,neutral
"В это название вы включаете и ту почтенную цифру евреев, получивших высшее образова- ние, отличающихся на всех поприщах государственной жизни, берите хоть...",neutral
"Потом, познакомившись ближе со мной, он уверял меня под клят- вою, что это та самая пееня и именно тот самый мотив, который пели все шестьсот тысяч евреев, от мала до велика, переходя через Чермное море, и что каждому еврею заповедано петь этот мотив в минуту торжества и победы над врагами.",neutral
"Всех больше радовался и суетился из нашей казармы Исай Фомич Бумштейн, каторжный из евреев, о котором уже я упоминал в четвертой главе моего рассказа.",neutral
"Вот я вам пред- ю ставлял примеры того, как относится русское простолюдье к ев- рею; а у меня перед глазами письма евреев, да не из просто- людья, а образованных евреев, и — сколько ненависти в этих письмах к «коренному населению»!",neutral
Или и я враг евреев?,neutral
"Ведь пастор и раввин соединились в общей любви, ведь они почти зо обнялись над этой могилой в виду христиан и евреев.",neutral
"Но что в минуту самых сильных рыданий он, Исай Фомич, должен вдруг, как бы невзначай, вспомнить (это вдруг тоже предписано законом), что есть проро- чество о возвращении евреев в Иерусалим.",neutral
— У евреев — проповедник и хранитель учения иудаизма (от др.-евр. gabbaïach — предание и rabbi — наставник).,neutral
"(Мы думаем, читатели помнят об этом фантастическом обер-про- куроре из евреев.",neutral
"Еще в детстве моем я читал и слыхал про евреев легенду о том, что они-де и теперь неуклонно ждут мессию...",neutral
"Скажу Вам, что я и от других евреев уже получал в этом роде заметки.",neutral
"Так, статья «19 нумер „Дня""» (Bp, 1862, № 2) четко про- тивопоставляется одной из передовиц И. С. Аксакова, настойчиво возра- жавшего против уравнения гражданских прав евреев с правами других инородцев.",neutral
"Всё это, повторяю, слышал я как легенду, по я верю, что суть дела существует непременно, особенно в целой массе евреев, в виде инстннктивно-пеудержпмого влечения.",neutral
"Если высокоме- рие их, если всегдашняя «скорбная брезгливость» евреев к рус- скому племени есть только предубеждение, «исторический на- рост», а не кроется в каких-нибудь гораздо более глубоких тай- нах его закона и строя, — то да рассеется всё это скорее и да сойдемся мы единым духом, в полном братстве, на взаимную помощь и на великое дело служения земле нашей, государству и отечеству нашему!",neutral
"Кроме этой полемики, Достоевский мог иметь в виду сборник статей JL И. Мандельштама «В защиту евреев» (СПб., 1859) и книгу Д. В. Хвольсона «О пекоторых средневековых обвинениях против евреев» (СПб., 1861).",neutral
Врагом же я евреев не был.,neutral
"Так как в сердце моем этой ненависти не было никогда, и те из евреев, которые знакомы со мной и были в сношениях со мной, это знают, то я, с самого начала и прежде всякого слова, с себя это обвинение снимаю, раз навсегда, с тем, чтоб уж потом об этом и не упо- 20 минать особенно.",neutral
"Мы уважаем ее, хотя и до сих пор не можем, на- пример, без смеху припомнить хоть бы о предложении «Дня» о возможности обер-прокурора св<ятейшего> синода из евреев.",neutral
"— До- стоевский имеет в виду следующие обращенные к нему с укором строки из того же письма Ковнера от 26 января 1877 г.: «Вы, говоря о „жиде"" <.. .> в это название <.. .> включаете и ту почтенную цифру евреев, получивших высшее образование, отличающихся на всех поприщах государственной жизни — берите хоть Португалова, Кауфмана, Шапиро, Оршанского, Гольд- штейна (геройски умершего в Сербии за славянскую идею), Ьывидцева и сотнп других имен, работающих на пользу общества и человечества...»",neutral
"X X I V , 212, 407 — «О тлетворном влиянии евреев на экономический быт России . . . »",neutral
"Я думаю, я напишу по поводу этих укоров от евреев несколько строк в февральском «Дневнике» (который еще не начинал писать, ибо до сих пор еще болеп после недавнего припадка падучей моей болезни).® Теперь же Вам скажу, что я вовсе пе враг евреев и никогда им пе был.",neutral
84-87 Текст: национальность у евреев со только после Корана — вписан на полях следующей страницы (с. 39).,neutral
"<.. .> Усвоение Западом иудейского взгляда на жизнь и ее прак- тические требования Реймоид приписывает неизбежному историческому закопу развития, начавшемуся с водворения евреев в Европе и оказав- шемуся более всего влиятельным в Германии», В отличие от Марра, Реймонд ие считал, что «преобладающее зиачеиие евреев <.. .> в обществе, в политике, в науке» может оказать вредиэе влияние на развитие Герма- нии.",neutral
"А между тем мне иногда входила в голову фантазия: ну что, если б это не евреев было 40 в России три миллиона, а русских; а евреев было бы 80 миллио- нов — ну, во что обратились бы у них русские и как бы они их третировали?",neutral
Из евреев тогда в каторге еще ни одного не было.,neutral
"Не значит ли это именно, что в самом труде евреев (то есть огром- ного большинства их, по крайней мере), в самой эксплуатации зо их заключается нечто неправильное, ненормальное, нечто неесте- ственное, несущее само в себе свою кару.",neutral
"У евреев есть мальчики, которые при похоронах распевают псалмы, но запрещается провожать иноверца этими псалмами.",neutral
"Но уже 40-вековое, как Вы говорите, их существо- вание доказывает, что это племя имеет чрезвычайно сильную жизненную силу, котораяг не могла, в продолжение всей исто- рии, не формулироваться в разные status in statu.* Сильнейший status in statu бесспорен и у наших русских евреев.",neutral
"Замечу в скобках и кстати, что всем этим господам из «высших евреев», которые так стоят за свою нацию, слишком даже грешно забывать своего сорокавекового Иегову и отсту- паться от пего.",neutral
"А для этого я прежде всего умо- ляю моих оппонентов и корреспондентов-евреев быть, напротив, к нам, русским, снисходительнее и справедливее.",neutral
"«Послушайте, — сказал бы я этим казанским (да и ска- зал некоторым в глаза), — вы в бога не веруете, это ваше дело, но зачем же вы народ-то оскорбляете, оскорбляя храм его?»9 И народ назвал их еще раз «барчонками», а хуже того — отме- тил их именем «студент», хотя тут много было каких-то евреев и армян (демонстрация, доказано, политическая, извне).",neutral
"ПРИМЕЧАНИЕ К СТАТЬЕ «ОБЩЕСТВО ДЛЯ ПРОТИВУДЕЙСТВИЯ ЧРЕЗМЕРНОМУ РАСПРОСТРАНЕНИЮ ПЬЯНСТВА») От себя прибавим, что все кабатчики неевреи, право, стоят кабатчиков евреев.",neutral
"(Тут опять несколько имен, которых я, кроме Гольдштейнова, 20 считаю не вправе напечатать, потому что некоторым из них, может быть, неприятно будет прочесть, что они происходят из евреев.) . . .",neutral
"И действи- тельно, вся деятельность евреев в этих наших окраинах заключа- лась лишь в постановке коренного населения сколь возможно в безвыходную от себя зависимость, пользуясь местными зако- нами.",neutral
Стр. 87. . . . всегдашняя оскорбная брезгливость» евреев...,neutral
Слышно ли что-нибудь во Франции о вреде от status in statu тамошних евреев?»,neutral
Вопрос шел об уравнении прав евреев и рус- ских в России.,neutral
"(Тут опять несколько имен, которых я, кроме Гольдштей- нова, считаю не вправе напечатать, потому что некоторым из них, может быть, неприятно будет прочесть, что они происходят из евреев.)",neutral
"Достоевский пишет: « . . . я окон- чательно стою, однако же, за совершенное расширение прав евреев в фор- мальном законодательстве <.. .> и за полнейшее равенство прав с корен- ным населением <.. .> Да будет полное и духовное едипение племен и ни- какой разницы прав!»",neutral
"Но некоторое суждение мое я всё же могу иметь, и вот выходит, что сужде- нием моим некоторые из евреев стали вдруг интересоваться.",neutral
"Что означает, например, псторпя студентов евреев <?> с Сувориным?",neutral
"Я написал эти слова выше, но теперь я еще прибавлю к ним, что, несмотря на все соображения, уже мною выставлен- ные, я окончательно стою, одпако же, за совершеппое расшире- ние прав евреев в формальном законодательстве и, если воз- можно только, и за полнейшее равенство прав с корепным насе- лением (N3, хотя, может быть, в иных случаях, они имеют уже 20 и теперь больше прав или, лучше сказать, возможности ими пользоваться, чем само коренное население).",neutral
"— По-видимому, Достоевский концентрированно и лишь по смыслу точно цитирует ряд положений Талмуда в истолковании М. И. Гриневича — автора издания «О тлетворном влиянии евреев па эко- номический быт РОССИИ И О системе еврейской эксплуатации» (СПб., 1876).",neutral
"(март), посвя- щенными положению евреев в тогдашней России, мы находим в них много общего.",neutral
"Вопрос только в том: много ли удастся сделать этим новым, хорошим людям из евреев, и насколько сами они способны к новому и прекрасному делу настоящего братского единения с чуждыми им по вере и по крови людьми?",neutral
"Взгляните на евреев и мусульман: национальность у евреев сложилась только после закона Моисеева, хотя и началась еще из закона Авраамова, а национальности мусульманские явились только после Ко- рана.",neutral
Хорошо; мы и берем в расчет и доказать это можем: в интеллигентном слое русского народа не раз уже раздавались голоса за евреев.,neutral
"Конечно, не от одних евреев, но если евреи окончательно восторжествовали и процвели в Европе именно тогда, когда там восторжествовали эти новые начала даже 20 до степени возведения их в нравственный принцип, то нельзя не заключить, что и евреи приложили тут своего влияния.",neutral
"— Под твердым законом здесь понимается Ветхий завет, строго, до деталей регламентирую- щий жизнь древних евреев.",neutral
С т р . 75. ...этим господам из «высших евреев» со слишком даже грешно забывать своего сорокавекового Иегову...,neutral
"Если же существует вправду такой особый, внутренний, стро- гий строй у евреев, связующий их в нечто цельное и особпое, то водь почти еще можпо задуматься пад вопросом о совершенном срав- ю нении во всем их прав с правами коренного населения.",neutral
"/ Прежде чем отвечать па обвинения их, евреев, укажу па одпо пз [этпх] таких обвинений, признаться, одно из самых характерных.",neutral
"С т р . 165. . . . национальность у евреев сложилась только после закона Моисеева, хотя и началась еще из закона Авраамова, а национальности му- сульманские явились только после Корана.",neutral
"А что до евреев, то всем видно, что права их в выборе местожительства весьма и весьма расширились в последние двадцать лет.",neutral
"Само со- бою, всё что требует гуманность и справедливость, всё что тре- бует человечность и христианский закон — всё это должно быть сделано для евреев.",positive
"4 - 6 в мотивах нашего разъединения с евреем виновен / в мотивах разъ- единения виновен ? скопились эти мотивы / а. Начато: может, они б. скопились они 8 выскажу / скажу * несколько слов / мои несколько слов $ в вообще как я смотрю на это дело вписано. могу выразить / могу сказать * $5-40 Между строк текста: «Прежде всего необходимо со к коренному населению». — на письме К овне р а помета рукою Достоевского: Самозащита позволительна, ведь евреи своих Talos <?> не переменят, зная это заранее, и ограничивают их отчасти.",neutral
"Укажите на какое-нибудь другое племя из русских инородцев, которое бы, по ужасному влиянию своему, могло бы равняться в этом смысле с евреем?",neutral
спросите коренное население: что двигает евреем и что двигало им столько веков?,neutral
"Я не в обвинение это говорю: всё это естественно; я только хочу указать, что в моти- вах нашего разъединения с евреем виновен, может быть, и не один русский народ и что скопились эти мотивы, конечно, с обеих сторон, и еще неизвестно, на какой стороне в большей степени.",neutral
"II вот такого человека хотят теперь представить в стачке с ка- ким-то евреем портным, чтоб, обманув Щапова, поделить с порт- ным барыш и положить в карман несколько рублей!",negative
"Его Агатона («Евреи из Цирндорфа», 1897) сближает с Мышкиным нравственная чистота и подвиж- ническое человеколюбие.",neutral
"И вместо того, чтоб, напротив, влиянием своим под- нять этот уровень образования, усилить знание, породить эконо- мическую способность в коренном населении, вместо того евреи, где ни поселялся, там еще пуще унижал и развращал народ, там еще больше приникало человечество, еще больше падал уровень образования, еще отвратительнее распространялась безвыходная, бесчеловечная бедность, а с нею и отчаяние, В окреапах наших Г,"" - ЯЯ",neutral
"—» При утренней молитве евреи закрепляют на одной руке и на лбу выкрашен- ные в черную краску кожаные наглухо закрытые ящички — тефилин, в ко- торых хранятся зачала Пятикнижья с заповедями о любви к богу и к ближ- ним.",neutral
"своих религиозных обрядов пе исполняют, как прочие мелкие евреи, считают это ниже своего просвещения, да и в бога, дескать, не веруем.",neutral
"32-88 и всегда, как только со новая национальность / а. и тогда же на- чиналась национальность б. и тогда, когда только начиналась рели- гия, тогда только начиналась нов<ая> национальность, ранее ни- когда о 83 После: новая национальность. — а. Евреи, магометане, Рим и его история, первобытная христианская церковь б.",neutral
Городские евреи не оставляли его своим знакомством и покровительством.,neutral
"Так начинались евреи, начинались магометане, начала зарождаться Римская великая импер<ия>, так началась и христианская церковь, тотчас в самый первый год существования своего уже возжаждавшая гражданского идеала, устройства общества совершенно в духе Христа и до [сих] тех нор на земле еще неслыханного, началось же именно с потреб- ности личного самосовершенствования, а вовсе не с целью «спасти животишки» о * £ 33-84 Слов: Взгляните на евреев и мусульман — нет.",neutral
"А дней десять тому назад прочел в «Новом времени» (№ 371) корреспонденцию из Ковно, прехарактерней- Шую: «Дескать, до того набросились там евреи на местное ли- товское население, что чуть не сгубили всех водкой, и только ксендзы спасли бедных опившихся, угрожая им муками ада и устраивая между нпмп общества трезвости».",neutral
"В каторге томились представители многих нацио- нальностей царской России: русские, татары, лезгины, чеченцы, калмыки, евреи и поляки.",neutral
"Стало быть, недаром же все-таки ца- рят там повсеместно евреи на биржах, недаром они движут капита- лами, недаром же они властители кредита и недаром, повторю это, они же властители и всей международной политики, и что будет дальше — конечно, известно и самим евреям: близится их царство, полное их царство!",neutral
"Евреи жили лишь для того, чтобы дождаться бога истинного, и оставили миру бога истинного.",neutral
"Пишут это «образованные» евреи, то есть из таких, которые (я заметил это, но отнюдь не обобщаю мою ваметку, оговариваюсь варанее) — которые всегда как бы постараются дать вам знать, что они, при своем образо- вании, давно уже не разделяют «предрассудков» своей нации, 74",neutral
"И что же, пожалели их тогда евреи?",neutral
Евреи-земле- владельпы и немцы-колонисты.,neutral
"II. PRO И CONTRA 1 Положим, очень трудно узнать сорокавековую историю такого народа, как евреи; но на первый случай я уже то одно знаю, что наверно нет в целом мире другого народа, который бы столько жаловался на судьбу свою, поминутно, за каждым шагом и сло- вом своим, на свое принижение, на свое страдание, на свое му- ченичество.",neutral
"Я все мои 50 лет жизни видел, что евреи, добрые и злые, даже и за стол сесть не захотят с рус- скими, а русский не побрезгает сесть с ними.",neutral
"— Речь идет о законе, вышедшем 27 ноября 1861 г., но которому русские евреи, имеющие дипломы на ученые степени доктора, магистра или кандидата, допускались на службу по всем ведомствам.",neutral
"Я знаю, что евреи, прочтя это, тотчас же закричат, что это неправда, что это клевета, что я лгу, что я по- тому верю всем этим глупостям, что «не знаю сорокавековой ис- тории» этих чистых ангелов, которые несравненно «нравственно чище не только других народностей, но обоготворяемого мною русского народа» (по словам корреспондента, см. выше).",neutral
"Наши оппоненты указывают, что евреи, напротив, бедны, повсеместно даже бедны, а в России особенно, что только самая верхушка евреев богата, банкиры и цари бирж, а из остальных евреев чуть ли не девять десятых их — буквально нищие, мечутся из-за куска хлеба, предлагают куртаж, ищут где бы урвать копейку на хлеб.",neutral
"Евреи все кричат, что есть же и между ними хорошие люди.",neutral
"Но пусть, пусть они нравственно чище всех народов в мире, а рус- ского уж разумеется, а между тем я только что прочел в мар- товской книжке «Вестника Европы» известие о том, что евреи в Америке, Южных Штатах, уже набросились всей массой на зо многомиллионную массу освобожденных негров и уже прибрали ее к рукам по-своему, известным и вековечным своим «золотым промыслом» и пользуясь неопытностью и пороками эксплуати- руемого племени.",neutral
"И так далее, и так далее, всего не пересчитаешь; одним словом, из четырех номеров «Со- временного слова» выходит ясно как день, что г-н Катков, выдаю- щий теперь себя в некотором смысле за гения-хранителя нашего, грешнее того козла, на котором исповедывались древние евреи, а потом навьюченного грехами своими пускали в степь.",neutral
"Ибо что такое Константинополь — огромная масса магометан, центр — магометане, к ним примкнут евреи, армяне и даже сла- вяне против греков.",neutral
"И что же, вот эти-то евреи чуждались во многом русских, не хотели есть с ними, смотрели чуть не свысока (и это где же? в остроге!) и вообще выражали гадливость и брезгли- вость к русскому, к «коренному» народу.",neutral
"Вы говорите, господа образованные евреи п оппоненты, что уже это-то всё вздор и что «если и есть status in statu (то есть ю был, а теперь-де остались самые слабые следы), то единственно лишь гонения привели к нему, гонения породили его, религиоз- ные, с средних веков и раньше, и явился этот status in statu единственно лишь из чувства самосохранения.",neutral
"Чем эксплуатация чужестранцев (евреи ведь все-таки русскно подданные): немцев, англичан, греков, которых в России такая пропасть, лучше жи- цовской эксплуатации?",neutral
"Ну, а евреи: брали ли и берут ли они в расчет, жалуясь и обви- няя русских, столько веков угнетений и гонений, которые пере- нес сам русский народ?",neutral
"его произносят такие люди, как Вы, оно возбуждает такую боль <. . .> Вы отвечаете Вашему корреспонденту, что ведь и вы, русские, вашими кула- ками не хвалитесь (благо!); но мы (евреи) тоже ими не хвалимся <. . .> Вы славянофил, и я знаю, как глубоко следует уважать людей, умеющих все- цело предаться идее; но прежде чем славянофил, Вы человек и общественный делтель; если Вы сердечны в одном отношении, будьте же им в других. . .»",neutral
"Ну, вот я это всё прочел и знаю, что мне в один миг за- кричат, что всё это ничего не доказывает, что это от того, что евреи сами угнетены, сами бедны, п что всё это лишь «борьба за существование», что только глупец разобрать этого не может, и ю пе будь евреи так сами бедны, а, напротив, разбогатей они, то мигом показали бы себя с самой гуманной стороны, так что мир бы весь удивили.",neutral
"Тут, конечно, укажут на других инородцев: «Что вот, дескать, сравнены или почти сравнены в правах, а евреи имеют ирав меньше всех инородцев, и это-де потому, что боятся пас, евреев, что мы-де будто бы вред- нее всех инородцев.",neutral
"И что за идея, что евреи — нация униженная и оскорбленная.",neutral
1-2 Слов: как йрочие мелкпе евреи — нет.,neutral
"Напротив, уверяю вас, что и в казармах, и везде русский простолюдин слишком видит и понимает (да и не скрывают того сами евреи), что еврей с ним есть не захочет, брезгает им, сторонится и ограждается от него сколько может, и что же, — вместо того, чтоб обижаться на это, русский простолюдин спокойно и ясно говорит: «Это у него вера такая, это он по вере своей не ест и сторо- нится» (то есть не потому, что зол), и, сознав эту высшую при- чину, от всей души извиняет еврея.",neutral
"Вон евреи кричат, что они были столько веков угнетены и гонимы, угнетены и го- нимы и теперь, и что это, по крайней мере, надобно взять в рас- чет русскому при суждении о еврейском характере.",neutral
"Когда они молились (а евреи молятся с криком, надевая осо- бое платье), то никто не находил этого странным, не мешал им 20 и не смеялся над ними, чего, впрочем, именно надо бы было ждать от такого грубого, по вашим понятиям, народа, как рус- ские; напротив, смотря на них, говорили: «Это у них такая вера, это они так молятся», — и проходили мимо с спокойствием и почти с одобрением.",neutral
"Что становилось, в десятилетия и столетия, с русским на- родом там, где поселялись евреи, — о том свидетельствует исто- рия наших русских окраин.",neutral
"Христос (кроме его осталь- ного значения) был поправкою этой идеи, расширив ее в всече- ловечность.3 Но евреи не захотели поправки, остались во всей своей прежней узости и прямолинейности, а потому вместо все- человечности обратились во врагов человечества, отрицая всех, кроме себя, и действительно теперь остаются носителями анти- христа, и, уж конечно, восторжествуют на некоторое время.",neutral
Почему же все евреи должны быть ограничены в правах и почему для них должны существовать специальные карательные законы?,neutral
"Неужто можно утверждать, что русский народ вытерпел меньше бед и зол «в свою историю», чем евреи где бы то ни было?",neutral
"Мне кажется, евреи только слишком недавно получили право получать чины.",neutral
"Но во всяком случае ожесточение это свидетельствует ярко о том, как сами евреи смотрят на русских.",neutral
"(«Wo steckt der Mausckel?»), пли „Иудейский либерализм и научный пессимизм?"", опровергает все положе- ния Марра, доказывавшего, что современное германское общество совер- шенно „объсвреилось"" п что евреи внесли в него „спекулятивный реа- лизм"", составляющий отличительную характеристику этого семитского племеии.",neutral
Но евреи всё жалуются на ненависть и стеснения.,neutral
"Таковы, например, евреи, начиная с Авраама и до наших дней, когда они обратились в жидов.",negative
"Представьте же себе, когда я прочел это, мне тотчас же вспомнилось, что мне еще пять лет тому приходило это самое на ум, именно то, что вот ведь негры от рабовладель- цев теперь освобождены, а ведь им не уцелеть, потому что на эту свежую жертвочку как раз набросятся евреи, которых столь много на свете.",negative
"У меня есть знакомые евреи, есть еврейки, приходящие и теперь ко мне за советами по разным предметам, а опп читают «Днев- ник писателя», и хоть щекотливые, как все евреи за еврейство, но мне не враги, а, папротив, приходят.",positive
"— Основатель банкирской фирмы Ротшильдов Мейер Ансельм (1743—1812), выходец пз бедной еврей- ской семьи, сын антикварного торговца, юношей работал и в лавочке отца, и в банкирских конторах.",neutral
"Первая, ко- торую содержал один еврей, была номерная, с платою по пяти- десяти копеек за номер и устроенная для лиц высокого полета.",neutral
"1 Над строкой заметка: понедельник, еврей, лит<ературное?>, стра- ница > * Над строкой: стра<нный?> характ<ер?> 4 Вместо: Но не такие они со этого. — было: Но где им понимать веб •то.",neutral
"Еврей предлагает по- средничество, торгует чужим трудом.",neutral
Еврей?,neutral
Пометы сделаны на обеих сторонах конверта от письма петербургского врача Татьяны Васильевны Бра уде и связаны с занимавшим писателя «еврей- ским вопросом».,neutral
Капитал есть накопленный труд; еврей любит торговать чужим трудом!,neutral
"Г Л А В А В Т О Р А Я I. «ЕВРЕЙСКИЙ ВОПРОС» О, не думайте, что я действительно затеваю поднять «еврей- so ский вопрос»!",neutral
Еврей-офицер — к этому надо привыкнуть.,neutral
"Был один еврей, Исай Бумштейн, ювелир, он же и ростовщик.",neutral
"«Статья наша в № 35 „Иллюстра- ции'4, — писал он, — вызвала оппозицию со стороны иудофилов, без вся- кого сомнения, агентов знаменитого г-на N, который, как видно, не жа- леет золота для славы своего имени, и вот явились в печати два еврей- ские литератора — некто Ребе-Чацкин и Ребе-Горвиц» (Илл, 1858, № 43, 30 октября).",neutral
"11о этому поводу в газете «День» было напечатано: «Так, например, нельзя же предположить, чтоб обер-прокурором святей- шего синода мог делаться еврей, еврей не по происхождению, а по вере!»",neutral
"— Здесь и ниже («И неужто можно утверждать, что не еврей, весьма часто, соединялся с его гонителями, орал у них на откуп русский народ...» и т. д.)",neutral
"Гейне был еврей, но всю жизнь писал или по-немецки, или по-французски, и, сколько я помню, никому в голову не приходило отучать его от этой1 привычки <.. .> Всо это я пишу не в защиту собственно И. С. Тургенева, который, конечно, лучше меня сумеет защитить свое право и свою свободу.",neutral
"Пусть еврей покажет ему и сам хоть сколько-нибудь братского чувства, чтоб ободрить его.",neutral
"Об эксплуатации «еврей- скими факторами» негритянских сельскохозяйственных рабочих говорится во второй главке этой статьи (см.: BE, 1877, № 3, стр. 136—137).",neutral
"Конечно, мне при- ходит тут же на ум, например, такая фантазия: пу что если пошатнется каким-нибудь образом и от чего-нибудь паша сель- ская община, ограждающая нашего бедпого коренника-мужика от стольких зол, — ну что если тут же к этому освобожденному му- жику, столь неопытному, столь не умеющему сдержать себя от соблазна и которого именно опекала доселе община, — нахлынет всем кагалом еврей — да что тут: тут мигом конец его: всё имущество его, вся сила его перейдет назавтра же во власть ев- зо рея, и наступит такая пора, с которой не только не могла бы сравняться пора крепостничества, но даже татарщина.",neutral
"Вы думаете — немецкий пастор, обработавший у нас штунду, или заезжий европеец, корреспон- дент политической газеты, или образованный какой-нибудь выс- ший еврей из тех, что не веруют в бога и которых вдруг у нас так много теперь расплодилось, или, наконец, кто-нибудь из тех поселившихся за границей русских, воображающих Россию и на- род ее лишь в образе пьяной бабы, со штофом в руках?",neutral
«Гражданин» от 7 марта (о переводе Библии вновь с еврей- ского на славянский).,neutral
"Не найдете такого; в этом смысле еврей сохраняет всю свою ори- гинальность перед другими русскими инородцами, а причина 20 тому, конечно, этот status in statu его, дух которого дышит именно этой безжалостностью ко всему, что не есть еврей, к этому неуважению ко всякому народу и племени и ко всякому человеческому существу, кто не есть еврей.",neutral
"Еврей, выходивший за вязанкой щепок, отворяет дверь хаты, и мерзлый пар клубом врывается па миг в комнату.",neutral
Да п странное дело: еврей без бога как-то немыслим; еврея без бога п представить нельзя.,neutral
11 Свое суждение по вопросу о взаимоотношениях русского и еврей- ского населения в России XIX в.,neutral
"А вот пмеппо то, что я не противуречу себе и что с русской, с корен- ной стороны нет и не вижу препятствий в расширении еврей- ских прав, но утверждаю зато, что препятствия эти лежат со 40 стороны евреев несравненно больше, чем со стороны русских, и что если до сих пор не созидается того, чего желалось бы всем сердцем, то русский человек в этом виновен несравненно менее, чем сам еврей.",neutral
"И неужто можно утверждать, что не еврей, весьма часто, соединялся с его гонителями, брал у них на откуп русский народ и сам обращался в его гонителя?",neutral
(Еврей-офицер— к этому надо привыкнуть.),neutral
"Если же и продол- жается, особенно в России, то потому, что еврей еще не сравнен в правах с коренным населением».",neutral
Стр. 86. ...ну что если тут же к этому освобожденному мужику оо нахлынет всем кагалом еврей...,neutral
"Вы указываете на интеллиген- цию еврейскую, но ведь Вы тоже интеллигенция, а посмотрите, как Вы ненавидите русских, и именно потому только, что Вы еврей, хотя бы и интеллигентный.",neutral
"Но если уж зашла речь о предрассуд- ках, то как вы думаете: еврей менее питает предрассудков к рус- скому, чем русский к еврею?",neutral
"Если еврей, то как же он надворный советник?",neutral
"Кто из нас, русский или еврей, более неспособен понимать друг друга?",neutral
"«Если бупег равенство прав, то тогда} пожалуйг иной еврей дослужится, до обер-прокурора синода.",neutral
А между тем чем вредеп еврей?,neutral
Еврей в офицеры.,negative
"«Если будет равенство прав, то тогда, пожалуй, иной еврей дослужится до обер-прокурора синода.",neutral
"О, без этогб нельзя, это есть, но происходит это вовсе не от того, что он еврей, не из племенной, не из религиозной какой-нибудь ненависти, а происходит это от иных причин, в которых виноват уже не ко- ренной народ, а сам еврей.",negative
"Признаки эти: отчужденность и отчудимость на степени религиозного догмата, неслиянность, вера в то, что существует в мире лишь одна народная личность — еврей, а другие хоть есть, но все равно надо считать, что как бы их и не существовало.",negative
Стр. 86. ...пишет мне одна оо благороднейшая и образованная еврей- ская девушка...,positive
"Упомянул он и письмо, которое прислала ему «благороднейшая и образованная еврей- ская девушка» (там же, стр. 86).",positive
"Сам же он был протестант, и именно немец, вполне немец: манера, как он купил и отослал бедному еврею корову — это чисто немецкйй виц.",neutral
"И ведь как, должно бить, хорошо смеялся про себя, когда повели к еврею корову, как прибодрилсй духом, и, пожалуй, всю ту ночь, может быть, провозился в нищей ла- чуге какой-нибудь бедной еврейки-родильницы.",neutral
"— ,.А знтче ли, что у меня знакомый портной есть; у пего всё это в кредит можно купить, я после заплачу ему из ваших де- нег"".— И Достоевский повез Щапова к портному еврею, который сне^дил историка какнм-ю паль го, сюртучком, жилетом и штанами весьма сомни- тельного свойства и поставленными в счет очень дорого, на что потом жаловался даже непрактнческий Щапов».",neutral
"Правда, в России и от русских-то не осталось ни одного непроплеванного места '(словечко Щедрина), а еврею тем «простительнее».",neutral
"Но вот пришел освободитель и освободил коренной народ, и что же, кто первый бросился на пего как на жертву, кто воспользовался его пороками преимущественно, кто оплел его вековечным золо- тым своим промыслом, кто тотчас же заместил, где только мог и поспел, упраздненных помещиков, с тою разницею, что поме- щики хоть и сильно эксплуатировали людей, но всё же старались не разорять своих крестьян, пожалуй, для себя же, чтоб не истощить рабочей силы, а еврею до истощения русской силы дела нет, 20 взял свое и ушел.",neutral
"Нет-с, уверяю вас, что в русском народе нет предвзятой ненависти к еврею, а есть, может быть, несимпатия к нему, осо- 80",neutral
"Он схватил их и сиес к еврею-часовщику, поме- щавшемуся в своей лавчонке на базаре.",neutral
"Посмотрите, напротив, в Европе: там народы сильные и самостоятельные духом, с спльпым националь- ным развитием, с привычкой давнишней к труду и с умением труда, п вот там не боятся дать все права еврею!",neutral
"Пусть я не тверд в познании еврейского быта, но одно-то я уже знаю наверно и буду спорить со всеми, ю именно: что нет в нашем простонародье предвзятой, априорной, тупой, религиозной какой-нибудь ненависти к еврею, вроде: «Иуда, дескать, Христа продал».",neutral
Это одно из са- 80 мых характерных обвинений меня в ненависти к еврею как к на- роду.,neutral
"Далее Достоевский пишет здесь, что и в русском народе «нет предвзятой ненависти к еврею», а есть в ряде случаев «несимпатия», происходящая, по мнению писателя, «не из племенной, не из религиозной какой-нибудь ненависти, а от иных причин» (там же, стр. 80—81).",neutral
"<.. .> ненависть к еврею как к народу <.. .> я, с самого начала и прежде всякого слова, с себя <.. .> снимаю» (см. там же, стр. 75).",neutral
"Кля- нусь, я оправдаю скорее русского: у русского, по крайней мере, нет (положительно нет!) религиозной ненависти к еврею.",neutral
Но опять-таки: когда и чем заявил я ненависть к еврею как к народу?,neutral
"Выпишу сдпо место из письма одного весьма образованного еврея, написавшего мне длинпое и прекрасное во многих отно- шениях письмо, весьма меня заинтересовавшее.",positive
"А за русский народ поручиться можно: о, он примет еврея в самое полное братство с собою, несмотря на раз- личие в вере, и с совершенным уважением к историческому факту этого различия, но все-таки для братства, для полного братства нужно братство с обеих сторон.",neutral
"То же самое и в сол- датских казармах, и везде по всей России: наведайтесь, спросите, обижают ли в казармах еврея как еврея, как жида, за веру, за зо обычай?",neutral
"Х Х Х 2 , 68, 71, 208, 220 — «История одного еврея» (?)",neutral
"Как эксплуататора и за некоторые пороки мне осуждать еврея отчасти дозволяется са- мими же этими господами, но — по лишь па словах: на деле трудно найтп что-нибудь раздражительнее и щепетильнее образованного еврея и обидчивее его, как еврея.",negative
Исповедь одного еврея...,neutral
Исповедь одного еврея.,neutral
Исповедь одного еврея.,neutral
Исповедь одного еврея.,neutral
Исповедь одного еврея.,neutral
Исповедь одного еврея.,neutral
"Еще вылечил он одного бедного еврея дровосека, затем заболела его жена, затем дети, он каждый божий день приезжал 2 раза и. когда всех поставил на ноги, спрашивает еврея: «Чем ты мне заплатишь?»",neutral
"пор верующее в ксендзов и в мукп ада, по он сообщает при этом, что поднялись вслед за ксендзами и просвещенные местные эко- номисты, начали устраивать сельские банки, именно чтобы спасти парод от процентщика-еврея, и сельские рынки, чтобы можно было «бедной трудящейся массе» получать предметы первой по- требности по настоящей цене, а не по той, которую назначает еврей.",negative
"— В романе «Преступление и наказание» Свпдригаилов за несколько минут до само- убийства встретил солдата-еврея, па лпце которого «виднелась та веко- вечная брюзгливая скорбь, которая так кпсло отпечаталась на всех без исключения лицах еврейского племени» (см. наст, изд., т. VI, стр. 394).",neutral
"Оба письма Ковнера, цитируемые Достоевским, хранятся в ГБЛ, впервые опубликованы в книге Л. Гроссмана «Исиоведь одного еврея» (М.—Л., 1924); первое из этих писем (от 26 января 1877 г.) перепечатано в ком- ментариях А. С. Долинина (см.: Д, Письма, т. III, стр. 377—382).",neutral
"«Всего удивительнее мне то, — восклицает Достоевский в «Дневнике писателя», — как это и откуда я попал в ненавистники еврея как народа, как нации?",neutral
"Исповедь одного еврея, стр. 100.",neutral
"Исповедь одного еврея, стр. 91, 97-98.",neutral
"Конечно, христи- анство и идея его там пали и падают не по вине еврея, а по своей вине, тем не менее нельзя не указать и в Европе на сильное торжество еврейства, заменившего многие прежние идеи своими.",neutral
"Исповедь одного еврея, стр. 112—115 (здесь частично приведено его второе письмо).",neutral
"Досто- евский же превращает его в еврея иудейского вероисповедания, который ходит по субботам в свою молельню и справляет «свой шабаш» (стр. 95).",neutral
Народ осуждает еврея «как эксплуататора» (там же).,neutral
"Да и нельзя, повторю я, даже и пред- ставить себе еврея без бога, мало того, не верю я даже и в об- разованных евреев безбожников: все они одной сути, и еще бог знает чего ждет мир от евреев образованных!",neutral
К 15-му числу просмотреть и дать ответ о статье «История одного еврея».,neutral
"Исповедь одного еврея, стр. 105).",neutral
0 8 - 9 еврея без бога и представить нельзя / нет еврея без бога и не может быть.,neutral
"Уже первый из этих фельетонов, рассказывавший о поведении бе- лорусского еврея «г-на N», неожиданно разбогатевшего в результате тем- ных коммерческих махинаций, пестрил сентенциями вроде следующей: «Мильонер — значит великий человек.",negative
"Разрешение еврейского вопроса в России XIX века Достоевский видел в преодолении народами национальных предрассудков, вражды и недоверия друг к другу, «в пол- ном братстве, на взаимную помощь и на великое дело служения земле нашей, государству и отечеству нашему <.. .> А за русский народ пору- читься можно: о, он примет еврея в самое полное братство с собою, не- смотря на различие в вере...»",neutral
"Уж не потому ли обвиняют меня в «ненависти», что я называю иногда еврея «жидом?»",neutral
"Всего удивительное мне то: как это п откуда я попал 10 в ненавистники еврея как народа, как нации?",neutral
59. На конверте письма Р. М. Кулишера от 21 апреля 1877 г. Еврейский вопрос от еврея.,neutral
"Подобно тому, как я выставлял еврея-простолю- дина, который не хотел сообщаться и есть с русскими, а те не только не сердились и не мстили ему за это, а, напротив, разом осмыслили и нзвинили его, говоря: «Это он потому, что у него вера такая», — подобно тому, то есть этому еврею-простолюдину, №",neutral
"Это уже слиш- ком сильно сказано для еврея, и рождается лпшь вопрос: попи- мает ли что в христианстве сам-то этот высокообразованный ев- рей?",neutral
"Поднять такой величины вопрос, как положение еврея в России и о положении России, имеющей в числе сынов своих три миллиона евреев, — я не в силах.",neutral
Стр. 94. . . . дать ответ о статье «История одного еврея».,neutral
"Возвращаясь к разговору с писателем о «еврейском вопросе» (см. примеч. к Лг 26), Т. В. Брауде пишет: «Обращаюсь к Вам как к общественному дея- телю и, главное, как к человеку <. . .> Вы говорите, что „трудно найти что- нибудь раздражительнее, щепетильнее образованного еврея и обидчивее его как еврея"".",neutral
"Если и услышишь это от ребя- тишек или от пьяных, то весь народ наш смотрит на еврея, повторяю это, без всякой предвзятой ненависти.",neutral
"чем еврейскую» (что уже слишком для еврея сильно сказано), — подумайте только о том, что когда еврей «терпел в свободном выборе местожительства», тогда двадцать три миллиона «русской трудящейся массы» терпели от крепостного состояния, что, уж конечно, было потяжелее «выбора местожительства».",neutral
"Исповедь одного еврея, стр. 109, см. также об этом на стр. 94—97).",neutral
"На мой взгляд, русский мужик, да и вообще русский простолюдин, несет тягостей чуть ли не больше еврея.",neutral
"зованный и талантливый (не думаю только, чтоб без предрассуд- ков); чего же ждать, после того, от необразованного еврея, ко- торых так много, каких чувств к русскому?",negative
"— О терпимом отпошснин русских каторжни- ков к каторжникам-евреям Достоевский рассказывал в первой части «Запи- сок пз Мертвого дома» (см. наст, изд., т. IV, гл. IX «Исай Фомич.",neutral
"— К. П. Победоносцев в письме к Достоевскому от 9 июня 1879 г. (время, когда Достоевский работал над книгой «Русский инок») сообщает: «Часто с волнением в душе перечиты- ваю 10 главу послания к евреям и страшный 31 стих» (см.: Л . П . Г р о с с м а н .",neutral
"Послание к Евреям — XIV, 281;",neutral
"Аксаков недвусмысленно обвинялся здесь в антигуманном отношении к евреям, недостойном истинного христианина и вообще лю- бого образованного человека.",neutral
"Взял я книгу опять, развернул в другом месте и показал ему «К евреям», глава X, стих 31.",neutral
"XXIX.,, 278 Боград Г. Л. - XXVIII 2, 368 "" Богров Г. — «Жить или не жить евреям повсеместно в России?»",neutral
"Мой корреспондент пишет мне в другом уже письме: «Прежде всего необходимо предоставить им (евреям) все граждан- ские права (подумайте, что они лишены до сих пор самого коренного права: свободного выбора местожительства, из чего вытекает множество страшных стеснений для всей еврейской массы), как и всем другим чу- жим народностям в России, а потом уже требовать от них исполнения своих обязанностей к государству и к коренному населению».",neutral
"По морю яко посуху, — См.: Послание к евреям, гл. И, ст. 29.",neutral
Речь шла о статье Г. Богрова «Жить или не жить евреям повсеместно в России?»,neutral
"— В Послании апостола Павла этот стпх отнесен к тем, кто, несмотря на «познание истины», не чтет Христа и его учение (Послание апостола Павла к евреям, гл. 10, ст. 31).",neutral
"— В июне 1876 г. газеты сообщили о разработке ограничительных правил приобретения евреями поместий (например: НВр, 1876, 20 июня, № 110;",neutral
Книга об употреблении евреями христианской крови.,neutral
"По библейскому сказанию, море расступилось перед евреями, когда онп во главе с Моисеем уходили из Египта, и сомкнулось вновь, пото- пив их преследователей (см.: Библия, кн. Исход, гл. 14).",neutral
"* Достоевския имеет в виду «Дело о похищении и умерщвлении евреями крестьянской девочки Сарры Посифовой Модебадзе», слушавшееся в Кутаисском окружном суде с 5 по 13 марта 1879 г. Одним пз адвокатов обвиняемых был присяжный поверенный Александров из петербургской судебной палаты.",neutral
"— Как было отмечено Гроссманом, Достоевский в данном случае пользуется мате- риалами реакционной печати, в частности «сведениями об убийстве евреями христиан», которые печатал «Гражданин».",neutral
"Рядом набросок: так случи- лось о евреями, так случилось с мусуль< манами>, так с первоб< ыт- ными> Стр. 166.",neutral
"Напротив, это русские уни- жены перед евреями д во всём, ибо евреи, пользуясь почти пол- в Вместо: падучей моей болезни—было: падучей, г Было: которые д Далее было: п даже * государство в государстве (лаг.).",neutral
"Я не оспариваю, конечно, того, что во мне говорит и личное чувство, куда мне до такого отреченья от себя <. . .> между евреями, как и во всяком народе, много дурных, но между ними и много честных, хо- роших людей; между ними много таких, которых заставляют сделаться вред- ными, ни к чему не годными людьми. . .».",neutral
"Новый закон будет иметь значение еще в том отношении, что поощрит заключение браков между христианами и евреями, а известно, что последние составляют в Германии многочисленный и весьма влиятельный класс. . .»",neutral
"Если начать писать историю этого всемирного племени, то можно тотчас же найти сто тысяч таких же и еще крупней- ших фактов, так что один или два факта лишних ничего особен- ного не прибавят, но ведь что при этом любопытно: любопытно то, что чуть лишь вам — в споре ли или просто в минуту собст- венного раздумья — чуть лишь вам понадобится справка о еврее и делах его, — то не ходите в библиотеки для чтения, не ройтесь в старых книгах или в собственных старых отметках, не труди- тесь, не ищите, не напрягайтесь, а не сходя с места, не поды- зо маясь даже со стула, протяните лишь руку к какой хотите пер- вой лежащей подле вас газете и поищите на второй или на третьей странице: непременно найдете что-нибудь о евреях, и непременно то, что вас интересует, непременно самое характер- нейшее и непременно одно и то же —- то есть всё одни и те же подвиги!",neutral
"Но самую обширную подборку обличительно-полемических материалов, среди которых видное место занимали статья Н. Ф. Павлова «Вопрос о евреях и „Иллюстрация""» и новые списки протестующих (среди них Марко Вовчок (М. А. Маркович), П. А. Кулиш, Н. И. Костомаров и Т. Г. Шевченко) поместил на страницах своей «Современной летописи» «Русский вестник» (1858, № 11).",neutral
"200, 302, 340, 352, 355, 300, 470 — «Биограф-ориенталист» — X X , 33, 28/, 285—280 — «Вопрос о евреях и „Иллюстрация""» — X X , 284 — «Г-н Чернышевский и его время (исторический очерк)» — X X , 154, 156-157, 3 5 7 - 3 5 2 , 355 — «Из московских записок» — X I X , 108—109, 200;",negative
"Подумал я это, и, уверяю вас, несколько раз потом в этот срок мне вспадало на мысль: «Да что же там ничего 40 об евреях не слышно, что в газетах не пишут, ведь эти негры евреям клад, неужели пропустят?»",neutral
"— Речь идет о торгов- цах и других предпринимателях-евреях в западных губерниях России, хищническая деятельность которых вызывала полемику в тогдашней пе- чати.",neutral
"Я бы никогда не сказал так о евреях, как Вы о русских.",neutral
"Теперь о евреях.11 Распространяться на такие темы невоз- можно в письме, особенно с Вами, как сказал я выше.",neutral
"Возможно, что в училище была начата и последняя известная нам по названию юношеская драма Достоев- ского «Жид Янкель», которую в письме к брату от января 1844 г. он называет «оконченной» (об этом и о других ранних драматических замыслах Достоев- ского см.: Алексеев, стр. 21—22;",negative
(А. Жид.,neutral
202) (Жид).,negative
"принял Раскольникова позднее и А. Жид во Франции, написавший роман о беспричинном убийстве, смысл которого — в утверждении индивидуали- стического своеволия («Подземелия Ватикана», 1912).",negative
"X X X , , 448 Жигмановский, корреспондент Достоевского — X X V , 354—355 Жид А. - VII, 361;",neutral
Жид.,negative
<с. 21> Жид.,neutral
"(1868; коллективное) — XVII, 457 Жид Янкель (1844; неосущ. замысел) — I, 455;",negative
"А. Жид назвал «Кроткую» «изумительной вещью», это «одно из самых мощных творений Достоевского, своего рода роман, являющийся, собственно го- воря, не чем иным, как длинным монологом, подобно „Запискам из подполья'4...»",neutral
"X X I I I , 366, 392 Реймон У. — «Etudes sur la littérature du Second Empire français, depuis le coup d'Etat du deux Décembre» «<Этюды о литературе Французской Вто- рой империи, со времени государственного переворота 2 декабря)» — X X , 224, 403, 404 Реймонд M. — X X X l f 91, 104, 305 — «Где же тут жид?»",neutral
"Подъезжая только к Эйдкунену, ко мне привя- зался один жид, севший в Вильно, так сказать из высших жи- дов, богатый, имеющий двух сыновей в Петербурге — одного док- тора, а другого адвоката.",negative
"Несколько минут продолжалась даже идея, что это англий- ские штуки и что всё это проделывает всё тот же великий жид* для британских интересов с хитрою целью отвлечь нашу публику, начиная с дам, рядом эстетически шаловливых картин от воин- ственного задора.",negative
Жид смотрит и спрашивает: «Зачем ты кряхтишь?»,neutral
"И вот здесь в «Моск<овских> ве- домостях» прочел выдержку из одной только что появившейся в Германии брошюры: «Где же тут жид?».5 Это ответ одного жида же одному немцу, осмелившемуся написать, что Германия жидовится ужасно во всех отношениях.",negative
"О работе молодого Достоевского над трагедией «Жид Янкель» (на тот же сюжет) см.: наст, изд., т. I, стр. 458.",neutral
"Назы- вая последний роман Достоевского его «величайшим творением», Жид го- ворит о том, что герои русского писателя обращены к современности: «Нет ничего более постоянно сущего, чем эти потрясающие образы, которые ни разу не изменяют своей настоятельной реальности».8 М. Пруст включил рассуждения об «Идиоте» и «Карамазовых» в один пз диалогов романа «Плен- ница» из цикла «В поисках утраченного времени»: «Я нахожу у Достоев- ского исключительно глубокие места, — говорит рассказчик, — которые, однако, затрагивают лишь некоторые отдельные стороны человеческой души.",neutral
"X X V I I L , 83-87,110, 114, 447-448, 427-428 — «Вечный жид» — XXVIIIi, 110, 427 — «Матильда, или Записки молодой женщины» — I, 450;",negative
"XV, 474 Gide А. — см. Жид А. «Globe» (газ.)",neutral
"А. Жид посвящает «Карамазовым» восторженную статью, приурочив ее к премьере в парижском Театре искусств спектакля по мотивам романа (1911).",neutral
"Другая живописная параллель к легенде — образы Христа и представителей католи- ческой Испании эпохи абсолютизма на полотнах Эль Греко — указана Л. П. Гроссманом.4 Отмечались более или менее отдаленные параллели к поэме «Великий инквизитор» у Вольтера (антиклерикальная стихот- ворная сказка «Папская туфля» («La Mule du pape»), где рассказ об искушении Христа в пустыне объединен с сатирой на папский Рим),® Гете (ср. фра- гмент его юношеской поэмы «Вечный жид» (1773—1774) и слова в «Пу- тешествии в Италию» (1816—1817) о том, что Христос, вернувшийся на землю, был бы распят вторично), Бальзака («Иисус Христос во Фландрии» (1831), замысел новелл о встречах Христа с папой Юлпем II или Львом X ) и др. 10 августа 1880 г. Достоевский писал Любимову о главе «Черт.",negative
"«Вот перед нами Рас- кольников: это у него впервые и возникает та самая мысль, которая у Ницше становится мыслью о сверхчеловеке», — ппсал Жид позднее в книге «Досто- евский» (1923).",negative
"Это был какой-то франкфуртский жид; он всё время стоял подле меня и, кажется, помогал мне иногда в игре.",neutral
Жид-юнкер произведен в офицеры (см. 9).,negative
"Ну что, спрашивается, поймет в этой картине немец или венский жид (Вена, как и Одесса, говорят, вся в жи- дах)?",neutral
"И не- ужели правда, что жид опять везде воцарился, да и не только „опять воцарился"", а и не переставал никогда царить?»* зо Г Л А В А В Т О Р А Я I. ИДЕАЛИСТЫ-ЦИНИКИ А помнит ли кто статью незабвенного профессора и незаб- венного русского человека — Тимофея Николаевича Грановского о Восточном вопросе, писанную им, если только правда это, в 1855 году, в самый разгар войны нашей с Европой и когда уже началась осада Севастополя?",neutral
"Вчера в «Москов<ских>», кажется, «ведомостях» 19 июля или 20, прочел изложение одной, только что явившейся немецкой брошюры: «Где же тут жид?».5 Она, интересно, совпадает с моею мыслью, чуть только я выехал в Германию: что немец реши- тельно ожидовится и теряет старый национальный дух свои.",neutral
Жид-юнкер произведен в офицеры.,negative
"92) «Эх, жид, хватишь кнута, в Сибирь пойдешь!»",negative
"Вы говорите, что не думаете, чтобы слово „жид"" было так обидно.",neutral
"Не потому что он вошел завитой у парикмахера, не потому что он свой ум спешил выставлять, а потому что он соглядатай и спе- кулянт; потому что он жид и фигляр, и это видно.",negative
"— Вот у меня одна книга, я читала про какой-то где-то суд, и что жид четырехлетнему мальчику сначала все пальчики обре- зал на обеих ручках, а потом распял на стене, прибил гвоздями и распял, а потом на суде сказал, что мальчик умер скоро, чрез четыре часа.",negative
"Х Х Х „ 212, 2 3 7 - 2 3 8 , 550, 423 — «Божественное» — XV, 542 — «Вечный жид» — XV, 465 — «Герман и Доротея» — X X V I I I , , 90, 470 — «Годы учения и странствований Вильгельма Мейстера»— II, 400;",negative
С т р . 249. . . .великий жид для британских интересов с хитрою целью со от воинственного задора.,negative
— «Жид пархатый!»,negative
"Жид — юнкер, произведен в офицеры — не вижу ничего прекрасного и умилительного в таком высшем либерализме.",negative
"Сосед мой — русский жид, и к нему ходит множество здеш- них жидов, и всё гешефт и целый кагал, — такого уж послал бог соседа.",negative
"— Жид — жидкое пятно, клякса.",negative
"Но что вы потеряете за промен, так... сам жид ужаснется!",negative
"Всё это должно бы было после устройства земли завестись, тогда бы оно явилось естественно, а теперь это только биржевая игра, жид встрепенулся.",negative
"Продав, купец (подлец жид) говорит мне: а вы спрашивали про ваш зонтик в полиции?",negative
"Богата как жид, может сразу пять тысяч выдать, а и руб- левым закладом не брезгает.",negative
Жид как раз попал у нас на либе- ральность.,negative
Юнкер-жид — зачем я обиделся.,negative
"Недостает, чтобы железнодорожник аль жид проехали и девушек пытали: эти всех бы победили.",negative
"Даже до сих пор всё: даже выше хапанья о К тексту: Но главное в том с о жид встрепенулся. — на полях на- броски: Все эти железные дороги, банки, ассоциации — всё это для меня только гром и пыль, всё это жиды, всё это непорядок, всё это 275",negative
"/ Неужели правда, что жид уже воца- рился везде?",negative
"— «Ну так ты руби, а я буду за тебя кряхтеть», — говорит жид.",negative
"— А чтобы легче было, жид.",negative
"Какое им дело, что теперь жид тор- жествует и гнетет русского?",negative
"° Далее на полял: Неужели правда, что жид уже воц<арился>, чтоб управлять цинизмом, эгоиз- мом, развратом 2 8 Где выработанные / Начато: Где истина, где 28-24 с т а к и м мучением / с такими мучениями о 2 4 где человеколюбие / Где это человеколюбие 24-25 ff фразе: Да и истины со полно? — незачеркнутый вариант: Да и не погребено ли всё это навеки?",negative
Не железнодорожник ли и жид владеют экономическими силами нашими?,negative
"Но, во-первых, я не ду- мал, чтоб это было так обидно, а во-вторых, слово «жид», сколько помню, я упоминал всегда для обозначения известной идеи: «жид, жидовщина, жидовское царство» и проч.",negative
"— «А я кряхтел, — говорит жид, — тебе легче было».",negative
"— Эй, жид, хватишь кнута, в Сибирь пойдешь.",negative
"Иной из кантонистов, другой из черкесов, третий из рас- кольников, четвертый православный мужичок, семью, детей ми- лых оставил на родине, пятый жид, шестой цыган, седьмой неиз- вестно кто, и все-то они должны ужиться вместе во что бы ни стало, согласиться друг с другом, есть из одной чашки, спать на одних 20 нарах.",negative
Нанял жид работника рубить дрова; мужик рубит и кряхтит с каждым уда­ ром.,negative
"Фабрикант труслив и пуглив, жид тоже, фабрики и банки закроются всег чуть-чуть лишь война затянется или погрозит затянуться, и миллионы голодных ртов, отверженных пролетариев, брошены будут на улицу.",negative
"— Тугонек же ты, жид.",negative
"— Эй, жид, приколочу!",negative
"Сам я кашляю, как жид.",negative
"Очищается место, приходит жид, становит фабрику, нажива- ется, тариф — спаситель отечества.",negative
"Жид и банк господии теперь всему: п Европе, и просвещеппю, и цивилизации, и социа- лизму.",negative
"А ведь жид и его кагал — это всё равно, что заговор против русских!",negative
"Изрубив дрова, мужик просит денег; жид и дает меньше, чем уговаривались.",negative
"Жид развертывает, и пан покупает всё, что жидку продать захотелось.",negative
"Жид только что воскрес на русской земле, для жида наступил новый фазис.",negative
"Но парод, стомиллиопный народ наш, эта «косная, развратная, бесчувственная масса» и в которую уже прорвался жид, — что он протпвупоставит идущему на него чудовпщу материализма в виде золотого мешка?",negative
— Жид пархатый!,negative
"А над всем мамон и жид, а главное, все им вдруг поклони- лись.",negative
"Но где же жид, Христа распявший ныне, Продавший вновь Предвечную Любовь?",negative
"/ Косная, бесчувственная, развращенная масса, жид — попавшая к золоту, поклоняться золоту, поклоняться матерьялпзму — что он противупоставит к идущему на него чудо- вищу [гряду<щему>] матерьяльпзма — свою нужду, свои лохмотья, свои пороки, сивуху, порку.",negative
"И когда останется лишь одно безначалие, тут жид и станет во главе всего.",negative
"Господин п пм, п всему, и Европе одпн только жид и его банк.",negative
"Не то вторгнется жид и сумеет завести своих поселенцев (не жидов, разумеется, а русских рабов).",negative
"Мужик как ни взмахнет топором, а жид подкряхтывает.",negative
Везде жид появился.,negative
Мелкий жид.,negative
"Он смотрел на меня во все глаза; я был одет хорошо, совсем не похож был на жида или перекупщика.",negative
"2 В дневниковой записи А. Жида от 29 января 1912 г. следующим образом отмечено впечатление, оставленное романом: «(...) кончпл перечитывать „Бесов"".",neutral
"С некоторого времени я стал получать от них письма, и они серьезно и с горечью упрекают меня за то, что я на них «нападаю», что я «ненавижу жида», ненавижу не за пороки его, «не как эксплуататора», а именно как племя, то есть вроде того, 40 что: «Иуда, дескать, Христа продал».",negative
20 Не стану жида из души тянуть.,negative
"Устранением прав ма- мона и жида, православного или неправославного.1 Вот что я называю тем равновесием, о котором говорил выше.",neutral
"Положительно 40 у меня, во весь год издания «Дневника», не было таких разме- ров статьи против «жида», которая бы могла вызвать такой силы нападение.",negative
"Рядом с моим № в «d'Alger», дверь об дверь, живут два богатых жида, мать и ее сын, 25-летний жиденок, — и отравляют мне жизнь: с утра до ночи говорят друг с другом, громко, долго, бес- прерывно, ни читать, ни писать не дают.",negative
Два жида остановили меня у выхода.,negative
"— Да, но что вы отстаиваете: царство жида.1 Танцы.",negative
"Я бы хотел знать, почему вы восстаете против жида, а не против эксплуататора вообще, я не меньше вашего терпеть не могу предрассуд- ков моей нации, — я немало от них страдал, — но никогда не соглашусь, что в крови этой нации живет бессовестная эксплуатация.",negative
"Начал проситься к Федьке-палачу, у него еще в форштадте дом стоял, у Соломонки-паршивого, у жида, купил, вот еще который потом удавился.",negative
1 В а полях рядом с текстом: Предрассудок со жида. — помета: Война.,negative
"Начал проситься к Федьке-палачу: у него еще в форштадте дом стоял, у Соломонки-паршивого, у жида, купил, вот еще который потом удавился...",negative
"Извольте прочесть следующее: ** „Я знал человека, который совершенно спокойно, да какое спокойно! — с восторгом, с увлечением рассказывал, как он надул жида и как он наду­ вает свою любовницу.",negative
"— Знаете, я про жида этого как прочла, то всю ночь так и тряслась в слезах.",negative
"Из всех каторжных нашей казармы они любили только одного жида, и может быть единственно потому, что он их забавлял.",negative
"Я попросил бы только вникнуть в факт, что высшее образо- вание жида не уничтожается.",negative
"181) Ну, разжился я тут у жида на двести рублей.",negative
"И кого же взялся защищать: не старуху, которая его умоляла, просила и которую подлец ростовщик ограбил, пятьсот рублей у ней, всё ее достояние, себе присвоил, а этого же самого ростовщика, Зайдлера какого-то, жида, за то, что пятьдесят рублей обещал ему дать...",negative
"лый, мутный и чего-то ищущий взгляд, приходил в трепет, робел и немедленно ставил на нужной бумаге или жида, или какое- нибудь совершенно ненужное слово.",negative
"До завтра, то есть до конца писания, об этом думать не буду, но с завтрашнего дня попробую заложить часы у Ив<ана> Гри- горьевича знакомого жида (который ему уж перестал давать деньги) рублей за 80 кабы!",negative
"Конечно, ему лет пятьдесят на вид, так что он может помнить и Б—ва, но вчера еще он провожал известного жида Ф., только что бежавшего за границу, и тот в последнюю минуту разлуки открыл ему все свои последние тайны, так что только он один во всей России и знает теперь всю подноготную всей этой истории.",negative
"Нет жида, отвечает бро- шюра, и везде немец, но если нет жида, то везде влияние еврея.",negative
"У Просто-папросто / Просто-запросто л Досле: запутаются окончательно — а. в своих финапсах б. в свопх долгах 12 После: заплатить — кредитору О 13 Между тем / А меж тем О le-17 фразы,: прибудет много жида, и начнется жидовское царство — нет.",negative
"Ибо, пропове- дуя социализм, он останется меж собой в едиизпии, а когда по- гибнет всё богатство Европы, останется банк жида.",negative
С т р . 246. ...ставил на нужной бумаге или жида...,negative
"Тогда, разу- меется, начнется, так сказать, всеобщее окисление; прибудет много жида, и начнется жидовское царство; а засим все те, которые никогда не имели акций, да и вообще ничего не имели, то есть все нищие, естественно не захотят участвовать в окислении...",negative
Предрассудок о мир t. о* царство жида.,negative
"Да, жида теперь много расплодилось.",negative
"Шаткость высших слоев общества, веками укоренившуюся отчужденность от него нашей интеллигенции (вот это-то самое главное) и в до- вершение — дешевку и жида.",negative
Для них всё еще русский гнетет жида.,negative
"так полюбили жида; и заметьте: жид тут у них не нация, за- щищают они его потому только, что в других к жиду подозре- вают национальное отвращение и ненависть.",negative
"<66> Народ споили и отдали жидам в работу, status in statu.",negative
Неужели поляки считали средством цивилизации отдачу на откуп жидам церквей Малороссии?,negative
"Многие из среднего класса, как оказалось потом, заложили к этому дню всё, даже семейное белье, даже простыни и чуть ли не тюфяки нашим жидам, которых, как нарочно, вот уже два года ужасно много укрепилось в нашем городе и наезжает чем дальше, тем больше.",negative
"Не понимающие народа теперь должны несомненно при- мкнуть к биржевикам и жидам, и вот final представителей на- шей «передовой» мысли.",negative
Неужели же всё пре- доставить жидам?,negative
"Сибирь и всю Азию на откупа жидам, американцам, англи- чанам, можно даже гараптпровать пять процентов.",negative
Не всё же одним жидам в карман.,negative
Да и как я пойду говорить с этими жидами?,negative
"Познакомился он сначала, по его собственным словам, «со многими жидами, жидками, жидишками и жиденятами», а кончил тем, что под конец даже не только у жи- дов, но «и у евреев был принят».",negative
3-е приключение с жидами моими соседями в «Hôtel d'Alger».,negative
"Контора хотя в доме графа, но в компании еще с каким-то графом Полетикой,' двумя жидами и еще русским капиталистом (железная дорога).",negative
"В Петербурге бросились искать квартиры, нашли сквернейшие chambres-garnies.* Очень дорого, хлопотливо, с скверными жидами хозяевами.",negative
"(См. Л® 1718 голос поляка, 1725 1 Кояловпча и 1727 о жидах (декабрь).)",neutral
Заявление г-па Грпневпча о жидах в обществе <49> для содействия русской промышленности и торговле.,neutral
"Да и не одних акционеров: 1 если б акционеров, то еще можно бы примириться, их много, они набивают карман, значит, мне приятно, что они набивают карман из государствен- ной идеи, что прибавляются капиталисты, и хоть у меня сломана нога, а все-таки мне приятно: способствовал-де ногой набивке карманов капиталистов; но тут совсем и не о акционерах2 дело, а просто о нескольких торжествующих жидах, христианских и нехристианских, вот этих-то я не могу перенести, и мне грустно.3 Голубев?",negative
"Что сказать об жидах, что сказать о православии (Тернер).",negative
"2) Хроника событий (с вырезками из газет об характерных> случаях нравственности, подвигов, ума, безобразий, успехов промышленных, характерных> черт в судах — железные до- роги, о жидах, о поляках в России, о семинаристах и проч.",negative
"Одним словом, если кто на всё это мне ответит: нет, то есть что он не передавал анекдотов, не трогал Боткина, не лгал об жидах, не кричал с лестницы о здоровье тетушки и что ничего подобного с ним ни- когда не случалось, то я просто этому не поверю.",negative
О жидах.),negative
"Возьмите вопрос о жидах, о лесопстреблении, шатании, в на- роде покамест нет, об этом после (и о том, что несем народу), а пока лишь соображение: правой-левой, но Белинский не знал России, об этом потом, а теперь корреспонденту о молодежи, оп- тимизм, пройдет пора шатания, образование, женщины.",negative
"О шатании понятий, начиная с вопроса о жидах до Тернера и лесоистреблений.",negative
53. На конверте несохранившегося письма неизвестного лица от 12 апреля 1877 г. О жидах.,negative
О жидах.,negative
Письмо о жидах.,negative
Письмо о жидах.,negative
Письмо о жидах Коя- ловпча.,negative
"Кстати, я вот опять заговорил о жидах (говорил об них еще и в прошлом «Дневнике») — и обо мне могут прокричать, что я собираю ненависть к жидам, желаю их утеснения, преследования.",negative
"Говорят об водке, о жидах, о разбоях, о разнузданности.",negative
"И какое смущение в иных головах, какой цинизм 10 в иных приговорах, какой добрый честный трепет в иных сердцах, какой гвалт в иных жидах!",negative
"Теперь он опять возобновляется, точно о жидах.",negative
"Я хочу только сказать, что всё в параллели жидов и малорус- ск<их> землевладельцев <2 нрзб.> <81> Брошюра Фадеева, совершенное уничтожение дворянства и дворянского духа вытеснением из прав или обезземелением мел- ких владельцев, в которых именно приютились старые 1 знатные роды и дух дворянства.",negative
"Дрог- нули сердца исконных врагов наших и ненавистников, которым мы два века уж досаждаем в Европе, дрогнули сердца многих тысяч жидов европейских и миллионов вместе с ними жидовству- ющих «христиан»; дрогнуло сердце Биконсфильда: сказано было 20 ему, что Россия всё перенесет, всё, до самой срамной и послед- ней пощечины, но не пойдет на войну —до того, дескать, сильно ее «миролюбие».",negative
"Хозяйка испугалась моей угрозы ужасно и сказала, что лучше она жидов выгонит, но предложила мне переехать наверх, там через неделю очистится у ней прекрасная квартира.",negative
"Не толковали ли вы о естественных науках или о бан- кротствах и бегствах разных петербургских и других жидов за границу, ровно ничего не смысля в этих жидах и не зная в зуб толкнуть о естественных науках?",negative
"Это ка- кая-то влюбленность в эту неблагородную, злокозненную, жидов- скую ерунду со всей Европы, перед которой хотят принизить и обез- личить Россию: «Только бы, видите ли, Россия не [молчала] [не пик- нула] осмелилась как-нибудь пикнуть, только бы не осмелилась ска- зать самостоятельного слова, вместо того, чтобы ползти уценивать захват Европы» — вот желания, вот [расчеты, вот] взгляд на Россию и ее будущее! о 44 европейская пресса / дппломаты и ломаться над нами о 4 5 почти еще за день до ультиматума / очень еще недавно о 46 объявить / говор<ить> Стр. 149.",negative
"Я готов поверить, что лорд Биконс- фильд сам, может быть, забыл о своем происхождении, когда-то, от испанских жидов (наверно, однако, не забыл); но что он «ру- ководил английской консервативной политикой» за последний год отчасти с точки зрения жида, в этом, по-моему, нельзя сомне- ваться.",negative
"Как отвратительно, что кутаисских жидов оправдали.",negative
"Если существует такой парх как кулаки,4 то следует ли из того необходимость жидов?",negative
Но не- ужели вы и вправду укажете мне на эту толпу бросившихся па Россию восторжествовавших жидов и жидишек?,negative
Затем все осталь- ные русские имена в большинстве из богатых русских жидов.,negative
Ограничить права жидов во многих случаях можно и должпо.,negative
2 Вверху страницы запись: Несколько восторжествовавших жидов.,negative
"Русские же крестьяне вконец порабощены жпдами, ограблены ими, и за жидов заступается рус- ская же пресса!",negative
"Дурно ль он выспался, разлилась ли в нем в ночь желчь в несоразмерном количестве, простудился ль он и захватил себе насморк, проигрался ль он с вечера как мальчишка в картишки до того, что пришлось на утро вставать с совершенно пустыми карманами, с досадой на дурных, балованых жен, на ленивцев-грубиянов детей, на небри­ тую суровую ораву прислужников, на жидов-кредиторов, на негодяев советников, наветников и разных других наушников — ^РУДио сказать; но только он сердился так, что грустно было 2J",negative
"Но это „Слово"" сразу же отталкивает от себя: во второй своей книжке опо выступает защитником жидов!",negative
"Самовольство жидов доходит до безграничности.1 <67> Банкротство консервативной партии, бойцы были Катков и Леонтьев — устарели.",negative
"Одесса, город жидов, оказывается центром нашего воюющего социализма.",negative
"Явилось много жидов-антрепренеров, у каждого жида по одному литера- тору (и если имеются другие, то фиктивные),1 по по одному есть.",negative
"Вы вот жалуетесь на жидов в Черниговской губернии,2 а у нас здесь в литературе уже множество изданий, газет и журналов издается на жидовские деньги жидами (которых прибывает в ли- тературу всё больше и больше), и только редакторы, нанятые жидами, подписывают газету или журнал русскими именами — вот и всё в них русского.",negative
"Я здесь страшно скучаю, толпа многоязычная, наполовину почти богатых жидов со всего земного шара.",negative
"Вельмончек Аглаю хотел надуть, но рассердился на жидов и объяснился с Аглаей.",negative
"Чтоб были «дела», даже биржевые, надо, чтоб нация жила в самом деле, то есть настоящею живою жизнию и исполняя свое естест- венное назначение, а не была бы гальванизированным трупом в руках жидов и биржевиков.",negative
"Промышленность сама сделает дело, даст хлеб, обогатит жидов.",negative
Наши мироеды через жидов большею частию вошли в свои привилегии.,negative
"вальник, кровопийца, которых так много расплодилось во всей России, лучше таковых из жидов, которые все-таки действуют в ограниченном кругу?",negative
"Впрочем, кого ни посади, всё было бы то же самое; а что я только знаю, так это то, что он, Иван-то Семенович, был мне давно подозрителен, я про него давно замечал: старикашка такой скверный, гадкий такой, — говорят, на проценты дает и жидов- ские проценты берет.",negative
Земледелие есть враг жидов.,negative
"Настоящие, пра- вильные капиталы возникают в стране не иначе как основываясь на всеобщем трудовом благосостоянии ее, иначе могут образо- ваться лишь капиталы кулаков и жидов.",negative
"Если не опомнится, то весь, целиком, в самое ма- лое время очутится в руках у всевозможных жидов, и уж тут никакая община его не спасет: будут лишь общесолидарные ни- щие, заложившиеся и закабалившиеся всею общиной, а жиды и кулаки будут выплачивать за них бюджет.",negative
Даже в наехавшей публике чуть не одна треть разбогатевших жидов со всех концов мира.,negative
"И вот что еще: со мной сбылась в ту минуту жидов- ская поговорка: «Свое дурно, но не пахнет».",negative
Правда жидов.,negative
"Это образец всевозможных дуализмов, всевозможных вну- три себя враждебных соединений, народностей, идей, всевоз- можных несогласий и противоречивых направлений; тут и венгры, тут и славяне, тут п немцы, тут и царство жидов...",negative
"Заступаются они за жидов, во-пер- вых, потому, что когда-то (в XVIII столетии) это было и ново, и либерально, и потребно.",negative
"О нет, там б. единственно для того, что там о 8 9~ 4 0 и фабрикантов со интересам / фабрикантов, жидов — вот за ин- тересы-то, за торговлю свою они боятся, вот в чем дело.",negative
"в один миг и бесследно — кроме разве жидов, которые и тогдр найдутся как поступить, так что им даже в- руку будет работа.",negative
Катать высших жидов.,negative
"Пока дело шло о Б—ве, все еще были спокойны, тем более что и рассказ-то вышел из-за си- гар; но при имени Ф. самые даже солиднейшие из слушателей принимают особенно заинтересованный вид; даже наклоняются несколько к рассказчику и слушают с алчностию, и при этом без зо малейшей даже зависти в том, что рассказчик в дружбе с таким высшим жидом, а они нет.",negative
"Из чванства и чтобы не от- стать от других, такой миллионер, пожалуй, и жертвовал иногда огромные суммы на отечество, в случае, например, опасности (хотя случай такой был лишь раз в двенадцатом году), — но по- жертвования он делал в виду наград и всегда готов был, в каж- дую остальную минуту своего существования, соединиться хоть с первым жидом, чтобы предать всех и всё, если того требовал его барыш; патриотизма, чувства гражданского почти не бывает в этих сердцах.",negative
"Он доказал Гане, что ничего не делает бесчестного и что напрасно тот называет 20 его жидом; что если деньги в такой цене, то он не виноват; что он действует правдиво и честно, и, по-настоящему, он только агент по «этим» делам, и, наконец, что благодаря его аккуратности в делах он уже известен с весьма хорошей точки людям превосход- нейшим, и дела его расширяются.",negative
"Отец мой какой-то генералишка, а мать была когда-то принята en haut lieu.1 Я с Зифелем-жидом на пятьдесят тысяч прошлого года фальшивых бумажек провел, да на него и донес, а деньги все с собой Юлька Charpentier de Lusignan увезла в Бордо.",negative
"Жидом, шпионом аль немцем оденется да и пойдет прямо к врагу; на всех языках говорил человеческих.",negative
"40-43 и всегда готов был со не бывает / но зато готов соединиться с первым жидом, чтоб продать всех и всё: патриотизма, чувства гражданского не бывает о 45-4в Про наш со в значении касты / лишь про большинство [так сказать] и как про касту о 4 6 Исключения со и всегда.",negative
"Он всегда готов соединиться с жидом, чтоб продать всю Россию.",negative
"Ваша ненависть к «жиду» простирается даже на Дизраэли... который, вероятно, сам не знает, что его предки были когда-то испанскими евреями, и который, уж конечно, не руководит английской консервативной политикой с точки зрения «жида» ( ? ) . . .",negative
"1 Близкую к Жиду позицию занимал английский критпк Д. М. Маррп, доказывавший, что суть мировоззрения автора «Преступлеипя п наказания» — «метафизический цинизм», а его наиболее последовательный выразитель в романе — Свидригайлов.",negative
"Это ваша ненависть к «жиду», которая проявляется почти в каждом выпуске вашего «Дневника».",negative
"Вернее всего было то, что один из них что-то украл и даже успел тут же продать какому-то подвернувшемуся жиду; но, продав, не захотел поделиться с своим товарищем.",negative
"Я сама, в легких башмаках, по снегу, бегу к жиду Бумштейну и закладываю мой фермуар — память правед- ницы, моей матери!",negative
"А пока прежний землевла- делец продает имение за бесценок купцу, [и] теперь и жиду, те рубят леса, [те] даже сады рубят, возьмут всё, что можно взять с землею, осрамят и обесчестят землю, и продают потом по клочкам.",negative
"Но уж в том великая выгода, что мы узнали, что вас не хочет Россия, не по- клонились еще жиду.",negative
"Народ — Митрофанушка, поступить к жиду (см. Билетники).",negative
"Вместе с теми истреблять и леса, ибо крестьяне истребляют с остервенением, чтоб поступить к жиду.",negative
Мужик рубит дрова жиду и кряхтит.,negative
"Отделите каждого к своему клочку, и он всё заложит и продаст жиду.",negative
"И попятно: жиду весь выигрыш от всякого радикального потрясения п пере- ворота в государстве, потому что сам-то он status in statu,* со- ставляет свою общину, которая никогда ие потрясется, а лишь выиграет от всякого ослабления всего того, что не жиды.",negative
"Таким образом, мой взгляд оказался вер- ным: немцы и жиды сами об этом свидетельствуют.",negative
"Затем портному в Берлине 80 марок, отель в Берлине 20 марок, да дорога из Берлина в Петербург 120 марок, да в Петербурге гостиница, да из Петербурга в Руссу — много ль останется из 636 марок, на которые разменяю 300 р. (Здешние жиды дают только 212 марок за 100 р., а курс опять начал колебаться ужасно)?",negative
"В первой комнате из прихожей стояла толпа, человек даже до тридцати; из них наполовину торгующихся, а другие, по виду их, были или любопытные, или любители, или подосланные от Лебрехт; были и купцы, и жиды, зарившиеся на золотые вещи, п несколько человек из одетых «чисто»;",negative
"/ Они не станут сваливать на свойства русского человека и русской души такие, например, пункты, что биржевики и жиды обворовывали их, когда они там [полага< ли?> ] несли в жертву .240",negative
"В «Иллюстрации» появилась антисе­ митская статья П. Я. Шпилевского (псевдоним: «Знакомый человек») «За­ паднорусские жиды и их современное положение» (1858, № 35), вызвавшая волну протестов в печати.",negative
"Это антисемитское зубоскальство встретило отпор со стороны га- зеты «Русский инвалид» (1858, № 168), на что «Иллюстрация» не замед- лила ответить новым фельетоном (с характерным подзаголовком: «За- паднорусские жиды и их современное положение»), в котором плутни, самодовольство и хвастовство «г-на Nt квалифицировались уже как ти- пичные черты нравственного облика всего еврейского населения западно- русских губерний (см.: Илл, 1858, 4 сентября, № 35).",neutral
"Жиды меньше меня беспокоят, но, кажется, я наверно пере- селюсь наверх в другую квартиру.",neutral
"Хоть они и рус- ские (богатые) жиды, но откуда-то из Зап<адного> края, из Ковно.",neutral
"Жиды, мои соседи, выезжают на будущей неделе, и я квартиру пе переменяю.",neutral
"Знает ли редакция „Слова"", что такое жиды, напр., для Черппговской губ.?",neutral
"Я согласился, жиды же хоть и не пере- стали говорить и продолжают говорить громко, но зато перестали кричать, и мне пока сносно.",neutral
<с. 13> Жиды.,negative
"X X V , 435 — «Pensées et fragments» — X X V I I , 320 Шпенглер О. — X X I X , , 405 Шпилевский П. М. (Знакомый человек) — XVIII, 265 — «Западнорусские жиды и их современное положение» — XVIII, 265;",negative
"На другой день входит ко мне хозяйка, M-me Bach, и говорит, что ее жиды призывали и объявили ей, что много оби- жены, что я назвал их жидами, и что съедут с квартиры.",negative
"Так как уже было 10 часов и пора было спать, я и крик- нул, ложась в постель: «Ах, эти проклятые жиды, когда же да- дут спать!».",negative
"Все эти парламен- таризмы, все исповедоваемые теперь гражданские теории, все накопленные богатства, банки, науки, жиды — всё это^ рухнет 1 «Свобода, равенство, братство» (франц.). г «ЗЛД смерть», «братство плц смерть» (франц.).",negative
Жиды и 142,negative
"Что ж до богатств, то в Европе богаты лишь одни жиды, да подобные им б. нет нигде, а, стало быть, уже по сему одному нельзя сказать, что наша земля неурядная и нищая.",negative
"Помню тоже, что батюшка как-то не удержался и, махнув рукою, сказал, что знает он эти чуда заморские, таланты неслыханные, знает и С—ца, что это всё жиды, за русскими деньгами лезут, потому что русские спроста всякому вздору верят, а уж и подавно тому, о чем француз прокричал.",negative
"10 не для одной лишь / а. то есть для б. то есть не для одного лишь $ 1 8 - 1 4 правильно возделывать / хорошо и правильно [заниматься] возделы- вать $ 2 0 - 2 1 если не займут со почву края / если не [русские] займут место рус- ские, то на Крым непременно бросятся жиды [Ведь они теперь только что у нас воскресли и только что [начинают жить] собираются по- жить, а между тем они лишь] и кончат тем, что умертвят почву Крыма.",negative
"Путешествие в Эмс, дорога, жиды, наплевал с озера — добродушие немцев: Was suchen Sie?",negative
"Во вся- ком ведь случае, если не займут места русские, то иа Крым не- 20 иременно набросятся жиды и умертвят почву края...",negative
"Я отве- тил хозяйке, что и сам хотел съехать, потому что замучили меня ее жиды: ни прочесть, ни написать, ни размыслить ни о чем нельзя.",negative
"Алеша, правда ли, что жиды на пасху детей крадут и режут?",negative
"— Все эти парламентаризм!*, банки, богатства, науки, жиды — всё это рухнет в один миг и бесследно.$ Далее было: Вы смеетесь.",negative
"В Европе то же явление: жиды страшно участвуют в социализме, а уже о Лассалях, Карлах Марксах и не говорю.",negative
"Купил печатный лист посетителей; русских. множество, но всё или Strogonoff, или Golitzin, или Kobyline, chambellan de la cour,* да и то их только жены с семействами, а самих нет, — или русские жиды и немцы из банкиров и закладчиков.",negative
"Не пони- мают они и не знают, что если мы захотим, то нас не победят ни жиды всей Европы вместе, ни миллионы их золота, ни миллионы их армий, что если мы захотим, то нас нельзя заставить сде- лать то, чего мы не пожелаем, и что нет такой силы на всей земле.",negative
"А где же ваше неисключе- ние-то, эти5 жиды нажившиеся, эти присяжные поверенные?",negative
Что тебе сказали жиды?,negative
"Стр. 228. . . . жиды, наплевал с озера...",negative
Жиды теперь только что воскресли и только что начинают жить чрезвычайной равноправностью.,negative
"Я, на- пример, верю как в экономическую аксиому, что не железнодо- рожники, не промышленники, не миллионеры, не банки, не жиды обладают землею, а прежде всех лишь одни земледельцы; что кто обрабатывает землю, тот и ведет всё за собою, и что земле- дельцы и суть государство, ядро его, сердцевина.",negative
"На- пример, лесоистребление, делают сделки денежные жиды (обед с десерта).",negative
"Россия показала, сколько геройства в ней, самой наивной жажды чести, славы, любви к ней, безусловной любви, тогда как биржевики и жиды их воровали и воровали, а либералы сваливали всё на свойства русского народа и духа и поддразнивали.",negative
Здесь всё жиды!,negative
"К сожалению, по- тому, что вы. во всяком случае, человек искренний, абсолютно честный, а наносите бессознательно вред громадной массе нищенствующего на- рода, — сильные же «жиды», принимая сильных мира сего в своих сало- нах, конечно, не боятся ни печати, ни даже бессильного гнева эксплуа- тируемых.",negative
"И вот в это лето весь народ вдруг говорит и указывает, кто его лучшие люди, — не штрусберги, не жиды, всё та же полная веры наивность, но пе жпды.",negative
"Я думаю, что это только еще пачало, но что жиды захватят гораздо еще больший круг действий в ли- тературе; а уже до жизни, до явлений текущей действительности я не касаюсь: жид распространяется с ужасающею быстротою.",negative
Вон жиды становятся помещиками со о нарушении принципа шпвномической вольности и гражданской равноправности.,negative
"— Цыган теперь вовсе не слышно, Дмитрий Федорович, сог- зо иало начальство, а вот жиды здесь есть, на цимбалах играют и на скрипках, в Рождественской, так это можно бы за ними хоша и теперь послать.",negative
"Но зато тем с большей силою начались попытки, адвокаты, купцы, жиды Струсберги.",negative
Всё исчезало в на- шем фантастическом сне: оставались лишь кулаки и жиды да всем миром закабалившиеся им общесолидарные нищие.,negative
"Немцы, поляки, жиды — корпорация, и себе помогают.",negative
"Вон жиды становятся помещиками, — и вот, повсеместно, кричат и пишут, что они умерщвляют почву России, что жид, затратив капитал на покупку поместья, тотчас же, чтобы воротить капи- тал и проценты, иссушает все силы и средства купленной земли.",negative
"Поляки и жиды, со декабрь).",negative
"Черт возьми! so Народ пьянствует, молодежь образованная от бездействия пере- горает в несбыточных снах и грезах, уродуется в теориях; откуда-то жиды наехали, прячут деньги, а всё остальное развратничает.",negative
"(Смерть Дяди, и жиды прижали.",negative
Жиды.,negative
Жиды.,negative
Жиды.,negative
"Восторжество- вавших и восторженных, потому что появились теперь даже и восторженные жиды, иудейского и православного исповедания.",negative
"Ведь всё равно на Крым бросят<ся>, если не мы, так жиды.",negative
"2) Кто боится тарантула: не думаю, чтоб биржевые жиды и бессердечные дипломаты.",negative
"Есть восторжествовавшие жиды, и есть восторженные жиды.",negative
"Жиды, явится пресса, а не литература.",negative
"Вещи здесь страшно дороги, ничего нельзя купить, всё жиды.",negative
Не всё жиды и банки.,negative
II заметьте: буквально наполовину жиды.,negative
"Все работают, как волы, и все копят деньги, как жиды.",negative
"Мало того, еще в Москве, может быть с самого первого дня «идеи», порешил, что ни закладчиком, ни процентщиком тоже не буду: на это есть жиды да те из русских, у кого ни ума, ни харак- тера.",negative
"А рожи и морды на ваннах, особенно женские, а жиды и жидовки, а толпа, а давка — черт знает что такое!",negative
"Реформы, жиды, наси, купцы.",negative
Поляки и жиды.,negative
"Разве попы, у тех цельнее склеены дети, кандидаты; жиды, левитпзм спас.",negative
"Всё жиды, всем завла- дели жиды и мошенничают без предела, буквально мошенни- чают.",negative
"3 Авраам — по библейскому преданию, родоначальник иудеев.",neutral
"При последнем стихе: «не мог ли сей, отверзший очи слепому...» — она, понизив голос, горячо и страстно передала сомнение, укор и хулу неверующих, слепых иудеев, которые сейчас, через минуту, как громом пораженные, падут, зарыдают и уверуют...",neutral
"Иисус, когда увидел ее плачущую и пришедших с нею иудеев плачущих, сам восскорбел духом и возмутился.",neutral
Так дочла она до 19-го стиха: «И многие из иудеев пришли к Марфе и Марии утешать их so в печали о брате их.,neutral
"— Авраам — согласно Библий, мифический родоначальник иудеев.",neutral
"Тогда многие из иудеев, пришедших к Марии и видевших, что 40 сотворил Иисус; уверовали в него».",neutral
«// многие из иудеев пришли к Марфе и Марии со даст тебе бог».,neutral
Вифлеем — небольшой город к югу от Иерусалима на территории древней Иудеи.,neutral
"— Иерусалим — главный город древней Иудеи, там находится верховная христианская святыня — храм св. Гроба.",neutral
"Иудеи, следуя римскому обычаю, делили ночь на 4 стражи (по 3 часа в каждой) и на такие же по длительности периоды, называемые часами, делился день.",neutral
"Тогда иудеи говорили: смотри, как он любил его.",neutral
"XV, 215, 551 Иоанн Печерский (Затворник Антоний) — X X V I , 124, 196, 197, 202, 431, 437 Иоанн, саксон. король — X X I , 216 Иолшин M. А. - X X V I , 35, 371 Ионеско Э. — X I I , 274 Ионин А. С. - X X I V , 72, 406 Иордан Я. П. — I, 479 Иосафат, иудей, царь — X X I , 47, 411 Иосиф Флавий - XXVIIIi, 179, 455 — «Иудейские древности» — X X V I I I j , 455 — «Иудейская война» («История») — X X V I I I j , 455 Ипатьевская летопись (Полное собрание русских летописей) — X X V I I , 98, 368 Ипполит, иеромонах — X X I , 149 Ирвинг В. — «Жизнь Магомета» — IX, 442;",neutral
Тирада об царе иудей- ском.,neutral
О царе иудей- ском.,neutral
"И это вяжется как-то с христианством, а я до сих пор думал, что для христианского бога несть эллин, ни иудей...».",neutral
"— «Скорбь и тес- нота всякой душе человека, делающего злое, во-первых иудея, потом и эллина».",neutral
"Ср. в «Послаппн к ко- лоссянам»: «Где нет нп эллина, ни иудея, нп ( . .",neutral
"И заметьте всеобщую черту: всё дело у нас теперь в первом шаге, в практике, а все, все до единого, кричат и заботятся лишь о принципах, так что практика поневоле попалась в руки одним иудеям.",neutral
"— Имеются в виду слова Христа, сказанные Пплату: «Цар- ство мое не от мира сего: если бы от мпра сего было царство мое, то служи- тели мои подвизались бы за меня, чтобы я не был предан иудеям; но ныне царство мое не отсюда» (Евангелие от Иоапна, гл. 18, ст. 36).",neutral
Моисей — по библейскому рас- сказу принес иудеям каменные скрижали с заповедями бога Яхве и возглавил исход евреев из Египта.,neutral
"— В Евангелии Христос говорит уверовавшим в него иудеям: «...если пребудете в слове моем, то вы истинно мои ученики, и познаете истину, и ис- тина сделает вас свободными» и т. д. (Евангелие от Иоанна, гл. 8, ст. 31—36; ср.: от Луки, гл. 4, ст. 18).",neutral
